{
    "Atki": [-80.732106, 35.305748],
    "Auxi": [-80.730497, 35.307747],
    "BaTF": [-80.739619, 35.307784],
    "Band": [-80.728786, 35.304072],
    "Barn": [-80.730027, 35.505818],
    "BelG": [-80.735474, 35.305386],
    "BelH": [-80.735015, 35.310475],
    "Bioi": [-80.741971, 35.312773],
    "Biss": [-80.739052, 35.301059],
    "Burs": [-80.732444, 35.307488],
    "CRI1": [-80.743434, 35.309058],
    "Cafe": [-80.728285, 35.309015],
    "Came": [-80.731228, 35.307711],
    "Cato": [-80.728713, 35.305474],
    "Ceda": [-80.728956, 35.309589],
    "CenC": [-80.835019, 35.228447],
    "CoEd": [-80.734066, 35.307587],
    "Colv": [-80.731721, 35.304837],
    "Cone": [-80.733246, 35.305109],
    "Coun": [-80.730058, 35.310252],
    "Denn": [-80.729807, 35.305408],
    "Duke": [-80.741270, 35.311977],
    "EHS2": [-80.729905, 35.312561],
    "EPIC": [-80.741556, 35.309142],
    "FOPS": [-80.732657, 35.314189],
    "FacA": [-80.729547, 35.312417],
    "Faci": [-80.730315, 35.312013],
    "FouA": [-80.735932, 35.298302],
    "Foun": [-80.736904, 35.297888],
    "Fret": [-80.728985, 35.306166],
    "Frid": [-80.729931, 35.306321],
    "Gage": [-80.733020, 35.301088],
    "Gari": [-80.730030, 35.305006],
    "Grig": [-80.741884, 35.311257],
    "Harr": [-80.738683, 35.302752],
    "Heal": [-80.733365, 35.307425],
    "Hick": [-80.728980, 35.309234],
    "Hous": [-80.733620, 35.302120],
    "HunH": [-80.736447, 35.301428],
    "Irwi": [-80.738125, 35.305497],
    "JBui": [-80.730188, 35.312993],
    "Kenn": [-80.730883, 35.305969],
    "King": [-80.732616, 35.305081],
    "Laur": [-80.736307, 35.302795],
    "Levi": [-80.733022, 35.302651],
    "Lync": [-80.733738, 35.310218],
    "MSII": [-80.740321, 35.312590],
    "Macy": [-80.730418, 35.305676],
    "Mart": [-80.727458, 35.310036],
    "McCo": [-80.740120, 35.310503],
    "McEn": [-80.730203, 35.307242],
    "McMi": [-80.729698, 35.307834],
    "Memo": [-80.735851, 35.303789],
    "MilH": [-80.735093, 35.311619],
    "Milt": [-80.734547, 35.306860],
    "Moto": [-80.740713, 35.312296],
    "NCRC": [-80.623417, 35.499918],
    "NERF": [-80.723401, 35.313447],
    "Nine": [-80.727778, 35.304123],
    "PORT": [-80.742998, 35.311668],
    "Phil": [-80.739066, 35.308132],
    "Pros": [-80.730928, 35.306825],
    "RE13": [-80.742053, 35.307302],
    "RUP1": [-80.735606, 35.306317],
    "RUP2": [-80.742969, 35.309840],
    "RUP3": [-80.734301, 35.309118],
    "RUP4": [-80.735524, 35.300374],
    "Rece": [-80.733829, 35.314358],
    "Rees": [-80.732507, 35.304692],
    "Robi": [-80.729949, 35.303824],
    "Rowe": [-80.730765, 35.304644],
    "SVDH": [-80.734857, 35.302926],
    "Smit": [-80.731564, 35.306962],
    "SoTF": [-80.739516, 35.306163],
    "Stor": [-80.729124, 35.304638],
    "StuA": [-80.734306, 35.306258],
    "StuH": [-80.729569, 35.310579],
    "StuU": [-80.733744, 35.308674],
    "Tenn": [-80.736655, 35.307360],
    "UREC": [-80.735285, 35.308342],
    "Unio": [-80.735370, 35.309163],
    "Wach": [-80.740374, 35.306923],
    "Wall": [-80.733780, 35.311526],
    "Winn": [-80.730405, 35.305142],
    "With": [-80.732386, 35.310906],
    "Wood": [-80.735731, 35.307536]
}